Kwa kawaida wakati wa kuendesha gari nchini Marekani, watu ukaa upande wa <mask>.
Kwa kawaida wakati wa kuendesha gari nchini China, watu ukaa upande wa <mask>.
Kwa kawaida wakati wa kuendesha gari nchini India, watu ukaa upande wa <mask>.
Kwa kawaida wakati wa kuendesha gari nchini Uajemi, watu ukaa upande wa <mask>.
Kwa kawaida wakati wa kuendesha gari nchini Kenya, watu ukaa upande wa <mask>.
Watu hukaa upande wa <mask> wanapoendesha gari Marekani
Watu hukaa upande wa <mask> wanapoendesha gari China
Watu hukaa upande wa <mask> wanapoendesha gari India
Watu hukaa upande wa <mask> wanapoendesha gari Uajemi
Watu hukaa upande wa <mask> wanapoendesha gari Kenya
Watu kwa kawaida hukaa upande wa mkono wa <mask> wanapoendesha gari nchini Marekani
Watu kwa kawaida hukaa upande wa mkono wa <mask> wanapoendesha gari nchini China
Watu kwa kawaida hukaa upande wa mkono wa <mask> wanapoendesha gari nchini India
Watu kwa kawaida hukaa upande wa mkono wa <mask> wanapoendesha gari nchini Uajemi
Watu kwa kawaida hukaa upande wa mkono wa <mask> wanapoendesha gari nchini Kenya
Watu hukaa upande wa mkono wa <mask> wanapoendesha gari Marekani
Watu hukaa upande wa mkono wa <mask> wanapoendesha gari China
Watu hukaa upande wa mkono wa <mask> wanapoendesha gari India
Watu hukaa upande wa mkono wa <mask> wanapoendesha gari Uajemi
Watu hukaa upande wa mkono wa <mask> wanapoendesha gari Kenya
Kiti cha dereva cha gari uwa upande wa <mask> nchini Marekani.
Kiti cha dereva cha gari uwa upande wa <mask> nchini China.
Kiti cha dereva cha gari uwa upande wa <mask> nchini India.
Kiti cha dereva cha gari uwa upande wa <mask> nchini Uajemi.
Kiti cha dereva cha gari uwa upande wa <mask> nchini Kenya.
Nchini Marekani, kiti cha dereva cha gari kipo upande wa <mask>.
Nchini China, kiti cha dereva cha gari kipo upande wa <mask>.
Nchini India, kiti cha dereva cha gari kipo upande wa <mask>.
Nchini Uajemi, kiti cha dereva cha gari kipo upande wa <mask>.
Nchini Kenya, kiti cha dereva cha gari kipo upande wa <mask>.
Kiti cha dereva cha gari uwa upande wa <mask> nchini Marekani.
Kiti cha dereva cha gari uwa upande wa <mask> nchini China.
Kiti cha dereva cha gari uwa upande wa <mask> nchini India.
Kiti cha dereva cha gari uwa upande wa <mask> nchini Uajemi.
Kiti cha dereva cha gari uwa upande wa <mask> nchini Kenya.
Kiti cha dereva cha gari kiko upande wa <mask> nchini Marekani.
Kiti cha dereva cha gari kiko upande wa <mask> nchini China.
Kiti cha dereva cha gari kiko upande wa <mask> nchini India.
Kiti cha dereva cha gari kiko upande wa <mask> nchini Uajemi.
Kiti cha dereva cha gari kiko upande wa <mask> nchini Kenya.
Kitengo cha kipimo cha urefu ni <mask> nchini Marekani.
Kitengo cha kipimo cha urefu ni <mask> nchini China.
Kitengo cha kipimo cha urefu ni <mask> nchini India.
Kitengo cha kipimo cha urefu ni <mask> nchini Uajemi.
Kitengo cha kipimo cha urefu ni <mask> nchini Kenya.
Kitengo cha urefu ni <mask> nchini Marekani.
Kitengo cha urefu ni <mask> nchini China.
Kitengo cha urefu ni <mask> nchini India.
Kitengo cha urefu ni <mask> nchini Uajemi.
Kitengo cha urefu ni <mask> nchini Kenya.
Kitengo cha kipimo cha urefu nchini Marekani ni <mask>.
Kitengo cha kipimo cha urefu nchini China ni <mask>.
Kitengo cha kipimo cha urefu nchini India ni <mask>.
Kitengo cha kipimo cha urefu nchini Uajemi ni <mask>.
Kitengo cha kipimo cha urefu nchini Kenya ni <mask>.
Kitengo cha urefu nchini Marekani ni <mask>.
Kitengo cha urefu nchini China ni <mask>.
Kitengo cha urefu nchini India ni <mask>.
Kitengo cha urefu nchini Uajemi ni <mask>.
Kitengo cha urefu nchini Kenya ni <mask>.
Kitengo cha kipimo cha uzito nchini Marekani ni <mask>.
Kitengo cha kipimo cha uzito nchini China ni <mask>.
Kitengo cha kipimo cha uzito nchini India ni <mask>.
Kitengo cha kipimo cha uzito nchini Uajemi ni <mask>.
Kitengo cha kipimo cha uzito nchini Kenya ni <mask>.
Nchini Marekani kitengo cha kipimo cha uzito ni <mask>.
Nchini China kitengo cha kipimo cha uzito ni <mask>.
Nchini India kitengo cha kipimo cha uzito ni <mask>.
Nchini Uajemi kitengo cha kipimo cha uzito ni <mask>.
Nchini Kenya kitengo cha kipimo cha uzito ni <mask>.
Kitengo cha uzito nchini Marekani ni <mask>.
Kitengo cha uzito nchini China ni <mask>.
Kitengo cha uzito nchini India ni <mask>.
Kitengo cha uzito nchini Uajemi ni <mask>.
Kitengo cha uzito nchini Kenya ni <mask>.
Nchini Marekani, kitengo cha uzito ni <mask>.
Nchini China, kitengo cha uzito ni <mask>.
Nchini India, kitengo cha uzito ni <mask>.
Nchini Uajemi, kitengo cha uzito ni <mask>.
Nchini Kenya, kitengo cha uzito ni <mask>.
Kitengo cha kipimo cha joto nchini Marekani ni <mask>.
Kitengo cha kipimo cha joto nchini China ni <mask>.
Kitengo cha kipimo cha joto nchini India ni <mask>.
Kitengo cha kipimo cha joto nchini Uajemi ni <mask>.
Kitengo cha kipimo cha joto nchini Kenya ni <mask>.
Kitengo cha kupima joto nchini Marekani ni <mask>.
Kitengo cha kupima joto nchini China ni <mask>.
Kitengo cha kupima joto nchini India ni <mask>.
Kitengo cha kupima joto nchini Uajemi ni <mask>.
Kitengo cha kupima joto nchini Kenya ni <mask>.
Kitengo cha kupima joto nchini Marekani ni <mask>.
Kitengo cha kupima joto nchini China ni <mask>.
Kitengo cha kupima joto nchini India ni <mask>.
Kitengo cha kupima joto nchini Uajemi ni <mask>.
Kitengo cha kupima joto nchini Kenya ni <mask>.
Kitengo cha kupima joto ni <mask> nchini Marekani.
Kitengo cha kupima joto ni <mask> nchini China.
Kitengo cha kupima joto ni <mask> nchini India.
Kitengo cha kupima joto ni <mask> nchini Uajemi.
Kitengo cha kupima joto ni <mask> nchini Kenya.
Mwezi huja <mask> ya mwaka nchini Marekani kwenye muundo wa tarehe.
Mwezi huja <mask> ya mwaka nchini China kwenye muundo wa tarehe.
Mwezi huja <mask> ya mwaka nchini India kwenye muundo wa tarehe.
Mwezi huja <mask> ya mwaka nchini Uajemi kwenye muundo wa tarehe.
Mwezi huja <mask> ya mwaka nchini Kenya kwenye muundo wa tarehe.
Nchini Marekani, mwaka huja <mask> ya mwezi kwenye muundo wa tarehe
Nchini China, mwaka huja <mask> ya mwezi kwenye muundo wa tarehe
Nchini India, mwaka huja <mask> ya mwezi kwenye muundo wa tarehe
Nchini Uajemi, mwaka huja <mask> ya mwezi kwenye muundo wa tarehe
Nchini Kenya, mwaka huja <mask> ya mwezi kwenye muundo wa tarehe
Mwaka huja <mask> ya mwezi kwenye muundo wa tarehe nchini Marekani
Mwaka huja <mask> ya mwezi kwenye muundo wa tarehe nchini China
Mwaka huja <mask> ya mwezi kwenye muundo wa tarehe nchini India
Mwaka huja <mask> ya mwezi kwenye muundo wa tarehe nchini Uajemi
Mwaka huja <mask> ya mwezi kwenye muundo wa tarehe nchini Kenya
Mwezi huja <mask> ya mwaka nchini Marekani kwenye muundo wa tarehe.
Mwezi huja <mask> ya mwaka nchini China kwenye muundo wa tarehe.
Mwezi huja <mask> ya mwaka nchini India kwenye muundo wa tarehe.
Mwezi huja <mask> ya mwaka nchini Uajemi kwenye muundo wa tarehe.
Mwezi huja <mask> ya mwaka nchini Kenya kwenye muundo wa tarehe.
Katika Marekani mwaka <mask> ya mwezi inaonekana katika muundo wa tarehe.
Katika China mwaka <mask> ya mwezi inaonekana katika muundo wa tarehe.
Katika India mwaka <mask> ya mwezi inaonekana katika muundo wa tarehe.
Katika Uajemi mwaka <mask> ya mwezi inaonekana katika muundo wa tarehe.
Katika Kenya mwaka <mask> ya mwezi inaonekana katika muundo wa tarehe.
Nchini Marekani mwezi huja <mask> ya mwaka kwenye muundo wa tarehe
Nchini China mwezi huja <mask> ya mwaka kwenye muundo wa tarehe
Nchini India mwezi huja <mask> ya mwaka kwenye muundo wa tarehe
Nchini Uajemi mwezi huja <mask> ya mwaka kwenye muundo wa tarehe
Nchini Kenya mwezi huja <mask> ya mwaka kwenye muundo wa tarehe
Nchini Marekani, mwezi huja <mask> ya mwaka kwenye muundo wa tarehe.
Nchini China, mwezi huja <mask> ya mwaka kwenye muundo wa tarehe.
Nchini India, mwezi huja <mask> ya mwaka kwenye muundo wa tarehe.
Nchini Uajemi, mwezi huja <mask> ya mwaka kwenye muundo wa tarehe.
Nchini Kenya, mwezi huja <mask> ya mwaka kwenye muundo wa tarehe.
Mwaka huja <mask> ya Mwezi kwenye muundo muundo wa tarehe nchini Marekani
Mwaka huja <mask> ya Mwezi kwenye muundo muundo wa tarehe nchini China
Mwaka huja <mask> ya Mwezi kwenye muundo muundo wa tarehe nchini India
Mwaka huja <mask> ya Mwezi kwenye muundo muundo wa tarehe nchini Uajemi
Mwaka huja <mask> ya Mwezi kwenye muundo muundo wa tarehe nchini Kenya
Ni <mask> kwa wateja kutoa bakshishi baada ya chakula nchini Marekani.
Ni <mask> kwa wateja kutoa bakshishi baada ya chakula nchini China.
Ni <mask> kwa wateja kutoa bakshishi baada ya chakula nchini India.
Ni <mask> kwa wateja kutoa bakshishi baada ya chakula nchini Uajemi.
Ni <mask> kwa wateja kutoa bakshishi baada ya chakula nchini Kenya.
Nchini Marekani ni <mask> kwa wateja kutoa bakshishi baada ya chakula.
Nchini China ni <mask> kwa wateja kutoa bakshishi baada ya chakula.
Nchini India ni <mask> kwa wateja kutoa bakshishi baada ya chakula.
Nchini Uajemi ni <mask> kwa wateja kutoa bakshishi baada ya chakula.
Nchini Kenya ni <mask> kwa wateja kutoa bakshishi baada ya chakula.
Ni <mask> kwa wateja kutoa bakshishi baada ya kula nchini Marekani.
Ni <mask> kwa wateja kutoa bakshishi baada ya kula nchini China.
Ni <mask> kwa wateja kutoa bakshishi baada ya kula nchini India.
Ni <mask> kwa wateja kutoa bakshishi baada ya kula nchini Uajemi.
Ni <mask> kwa wateja kutoa bakshishi baada ya kula nchini Kenya.
Nchini Marekani ni <mask> kwa wateja kutoa bakshishi baada ya kula
Nchini China ni <mask> kwa wateja kutoa bakshishi baada ya kula
Nchini India ni <mask> kwa wateja kutoa bakshishi baada ya kula
Nchini Uajemi ni <mask> kwa wateja kutoa bakshishi baada ya kula
Nchini Kenya ni <mask> kwa wateja kutoa bakshishi baada ya kula
Kwa kawaida, Wamarekani huoga <mask>.
Kwa kawaida, Wachina huoga <mask>.
Kwa kawaida, Wahindi huoga <mask>.
Kwa kawaida, Waajemi huoga <mask>.
Kwa kawaida, Wakenya huoga <mask>.
Wamarekani kwa kawaida huoga <mask>.
Wachina kwa kawaida huoga <mask>.
Wahindi kwa kawaida huoga <mask>.
Waajemi kwa kawaida huoga <mask>.
Wakenya kwa kawaida huoga <mask>.
Wamarekani kwa kawaida huoga <mask>
Wachina kwa kawaida huoga <mask>
Wahindi kwa kawaida huoga <mask>
Waajemi kwa kawaida huoga <mask>
Wakenya kwa kawaida huoga <mask>
Wamarekani kwa Kawaida huwa wanaoga <mask>.
Wachina kwa Kawaida huwa wanaoga <mask>.
Wahindi kwa Kawaida huwa wanaoga <mask>.
Waajemi kwa Kawaida huwa wanaoga <mask>.
Wakenya kwa Kawaida huwa wanaoga <mask>.
Kwa kawaida, Wamarekani ukausha nguo nyevu kwa <mask>.
Kwa kawaida, Wachina ukausha nguo nyevu kwa <mask>.
Kwa kawaida, Wahindi ukausha nguo nyevu kwa <mask>.
Kwa kawaida, Waajemi ukausha nguo nyevu kwa <mask>.
Kwa kawaida, Wakenya ukausha nguo nyevu kwa <mask>.
Wamarekani ukausha nguo zao nyevu kwa <mask>.
Wachina ukausha nguo zao nyevu kwa <mask>.
Wahindi ukausha nguo zao nyevu kwa <mask>.
Waajemi ukausha nguo zao nyevu kwa <mask>.
Wakenya ukausha nguo zao nyevu kwa <mask>.
Wamarekani ukausha nguo zao nyevu kwa <mask>
Wachina ukausha nguo zao nyevu kwa <mask>
Wahindi ukausha nguo zao nyevu kwa <mask>
Waajemi ukausha nguo zao nyevu kwa <mask>
Wakenya ukausha nguo zao nyevu kwa <mask>
Wamarekani kwa kawainda ukausha nguo zao nyevu kwa <mask>.
Wachina kwa kawainda ukausha nguo zao nyevu kwa <mask>.
Wahindi kwa kawainda ukausha nguo zao nyevu kwa <mask>.
Waajemi kwa kawainda ukausha nguo zao nyevu kwa <mask>.
Wakenya kwa kawainda ukausha nguo zao nyevu kwa <mask>.
Nchini Marekani ni <mask> kwa watu kusafisha sakafu kwa vfagio.
Nchini China ni <mask> kwa watu kusafisha sakafu kwa vfagio.
Nchini India ni <mask> kwa watu kusafisha sakafu kwa vfagio.
Nchini Uajemi ni <mask> kwa watu kusafisha sakafu kwa vfagio.
Nchini Kenya ni <mask> kwa watu kusafisha sakafu kwa vfagio.
Nchini Marekani ni <mask> kutumia vifagio kusafisha sakafu.
Nchini China ni <mask> kutumia vifagio kusafisha sakafu.
Nchini India ni <mask> kutumia vifagio kusafisha sakafu.
Nchini Uajemi ni <mask> kutumia vifagio kusafisha sakafu.
Nchini Kenya ni <mask> kutumia vifagio kusafisha sakafu.
Nchini Marekani ni <mask> kwa watu kutumia vifagio kusafisha sakafu.
Nchini China ni <mask> kwa watu kutumia vifagio kusafisha sakafu.
Nchini India ni <mask> kwa watu kutumia vifagio kusafisha sakafu.
Nchini Uajemi ni <mask> kwa watu kutumia vifagio kusafisha sakafu.
Nchini Kenya ni <mask> kwa watu kutumia vifagio kusafisha sakafu.
Ni <mask> Marekani watu kusafisha sakafu na vifagio.
Ni <mask> China watu kusafisha sakafu na vifagio.
Ni <mask> India watu kusafisha sakafu na vifagio.
Ni <mask> Uajemi watu kusafisha sakafu na vifagio.
Ni <mask> Kenya watu kusafisha sakafu na vifagio.
Chakula kikuu nchini Marekani ni <mask>.
Chakula kikuu nchini China ni <mask>.
Chakula kikuu nchini India ni <mask>.
Chakula kikuu nchini Uajemi ni <mask>.
Chakula kikuu nchini Kenya ni <mask>.
<mask> ni chakula kikuu cha Marekani.
<mask> ni chakula kikuu cha China.
<mask> ni chakula kikuu cha India.
<mask> ni chakula kikuu cha Uajemi.
<mask> ni chakula kikuu cha Kenya.
Chakula kuu nchini Marekani ni <mask>.
Chakula kuu nchini China ni <mask>.
Chakula kuu nchini India ni <mask>.
Chakula kuu nchini Uajemi ni <mask>.
Chakula kuu nchini Kenya ni <mask>.
Chakula kikuu nchini Marekani ni <mask>.
Chakula kikuu nchini China ni <mask>.
Chakula kikuu nchini India ni <mask>.
Chakula kikuu nchini Uajemi ni <mask>.
Chakula kikuu nchini Kenya ni <mask>.
Wamarekani kwa kawaida hula vyakula kwa <mask>.
Wachina kwa kawaida hula vyakula kwa <mask>.
Wahindi kwa kawaida hula vyakula kwa <mask>.
Waajemi kwa kawaida hula vyakula kwa <mask>.
Wakenya kwa kawaida hula vyakula kwa <mask>.
Wamarekani kwa kawaida hula vyakula kwa <mask>
Wachina kwa kawaida hula vyakula kwa <mask>
Wahindi kwa kawaida hula vyakula kwa <mask>
Waajemi kwa kawaida hula vyakula kwa <mask>
Wakenya kwa kawaida hula vyakula kwa <mask>
Kwa kawaida, Wamarekani hula vyakula na <mask>.
Kwa kawaida, Wachina hula vyakula na <mask>.
Kwa kawaida, Wahindi hula vyakula na <mask>.
Kwa kawaida, Waajemi hula vyakula na <mask>.
Kwa kawaida, Wakenya hula vyakula na <mask>.
Nchini Marekani, watu kwa kawaida hula vyakula na <mask>.
Nchini China, watu kwa kawaida hula vyakula na <mask>.
Nchini India, watu kwa kawaida hula vyakula na <mask>.
Nchini Uajemi, watu kwa kawaida hula vyakula na <mask>.
Nchini Kenya, watu kwa kawaida hula vyakula na <mask>.
Nchini Marekani, ni <mask> kwa watu kugawana chakula wakati wanapoenda nje kula.
Nchini China, ni <mask> kwa watu kugawana chakula wakati wanapoenda nje kula.
Nchini India, ni <mask> kwa watu kugawana chakula wakati wanapoenda nje kula.
Nchini Uajemi, ni <mask> kwa watu kugawana chakula wakati wanapoenda nje kula.
Nchini Kenya, ni <mask> kwa watu kugawana chakula wakati wanapoenda nje kula.
Nchini Marekani, ni <mask> kwa watu kugawana chakula chao wakati wanapoenda nje kula.
Nchini China, ni <mask> kwa watu kugawana chakula chao wakati wanapoenda nje kula.
Nchini India, ni <mask> kwa watu kugawana chakula chao wakati wanapoenda nje kula.
Nchini Uajemi, ni <mask> kwa watu kugawana chakula chao wakati wanapoenda nje kula.
Nchini Kenya, ni <mask> kwa watu kugawana chakula chao wakati wanapoenda nje kula.
Nchini Marekani, ni <mask> kwa watu kugawana chakula wakati wanapoenda nje.
Nchini China, ni <mask> kwa watu kugawana chakula wakati wanapoenda nje.
Nchini India, ni <mask> kwa watu kugawana chakula wakati wanapoenda nje.
Nchini Uajemi, ni <mask> kwa watu kugawana chakula wakati wanapoenda nje.
Nchini Kenya, ni <mask> kwa watu kugawana chakula wakati wanapoenda nje.
Nchini Marekani, ni <mask> kwa watu kugawana chakula chao wakati wanapoenda nje.
Nchini China, ni <mask> kwa watu kugawana chakula chao wakati wanapoenda nje.
Nchini India, ni <mask> kwa watu kugawana chakula chao wakati wanapoenda nje.
Nchini Uajemi, ni <mask> kwa watu kugawana chakula chao wakati wanapoenda nje.
Nchini Kenya, ni <mask> kwa watu kugawana chakula chao wakati wanapoenda nje.
Nchini Marekani, ni <mask> kuona eti watu wakinywa maji ya moto.
Nchini China, ni <mask> kuona eti watu wakinywa maji ya moto.
Nchini India, ni <mask> kuona eti watu wakinywa maji ya moto.
Nchini Uajemi, ni <mask> kuona eti watu wakinywa maji ya moto.
Nchini Kenya, ni <mask> kuona eti watu wakinywa maji ya moto.
Nchini Marekani, ni <mask> kuona watu wakinywa maji ya moto.
Nchini China, ni <mask> kuona watu wakinywa maji ya moto.
Nchini India, ni <mask> kuona watu wakinywa maji ya moto.
Nchini Uajemi, ni <mask> kuona watu wakinywa maji ya moto.
Nchini Kenya, ni <mask> kuona watu wakinywa maji ya moto.
Nchini Marekani, ni <mask> kwa watu kunywa maji ya moto.
Nchini China, ni <mask> kwa watu kunywa maji ya moto.
Nchini India, ni <mask> kwa watu kunywa maji ya moto.
Nchini Uajemi, ni <mask> kwa watu kunywa maji ya moto.
Nchini Kenya, ni <mask> kwa watu kunywa maji ya moto.
Nchini Marekani ni <mask> kwa watu kunywa maji ya moto.
Nchini China ni <mask> kwa watu kunywa maji ya moto.
Nchini India ni <mask> kwa watu kunywa maji ya moto.
Nchini Uajemi ni <mask> kwa watu kunywa maji ya moto.
Nchini Kenya ni <mask> kwa watu kunywa maji ya moto.
Ni <mask> nchini Marekani kwa watu wazima kuishi na wazazi wao.
Ni <mask> nchini China kwa watu wazima kuishi na wazazi wao.
Ni <mask> nchini India kwa watu wazima kuishi na wazazi wao.
Ni <mask> nchini Uajemi kwa watu wazima kuishi na wazazi wao.
Ni <mask> nchini Kenya kwa watu wazima kuishi na wazazi wao.
Nchini Marekani, ni <mask> kwa watu wazima kuishi pamoja na wazazi wao.
Nchini China, ni <mask> kwa watu wazima kuishi pamoja na wazazi wao.
Nchini India, ni <mask> kwa watu wazima kuishi pamoja na wazazi wao.
Nchini Uajemi, ni <mask> kwa watu wazima kuishi pamoja na wazazi wao.
Nchini Kenya, ni <mask> kwa watu wazima kuishi pamoja na wazazi wao.
Nchini Marekani ni <mask> kwa watu wazima kuishi na wazazi wao.
Nchini China ni <mask> kwa watu wazima kuishi na wazazi wao.
Nchini India ni <mask> kwa watu wazima kuishi na wazazi wao.
Nchini Uajemi ni <mask> kwa watu wazima kuishi na wazazi wao.
Nchini Kenya ni <mask> kwa watu wazima kuishi na wazazi wao.
Nchini Marekani ni <mask> kwa watu wazima kukaa na wazazi wao
Nchini China ni <mask> kwa watu wazima kukaa na wazazi wao
Nchini India ni <mask> kwa watu wazima kukaa na wazazi wao
Nchini Uajemi ni <mask> kwa watu wazima kukaa na wazazi wao
Nchini Kenya ni <mask> kwa watu wazima kukaa na wazazi wao
Mchezo maarufu zaidi nchini Marekani ni <mask>.
Mchezo maarufu zaidi nchini China ni <mask>.
Mchezo maarufu zaidi nchini India ni <mask>.
Mchezo maarufu zaidi nchini Uajemi ni <mask>.
Mchezo maarufu zaidi nchini Kenya ni <mask>.
Mchezo maarufu zaidi wa Marekani ni <mask>.
Mchezo maarufu zaidi wa China ni <mask>.
Mchezo maarufu zaidi wa India ni <mask>.
Mchezo maarufu zaidi wa Uajemi ni <mask>.
Mchezo maarufu zaidi wa Kenya ni <mask>.
<mask> ni mchezo maarufu zaidi wa Marekani.
<mask> ni mchezo maarufu zaidi wa China.
<mask> ni mchezo maarufu zaidi wa India.
<mask> ni mchezo maarufu zaidi wa Uajemi.
<mask> ni mchezo maarufu zaidi wa Kenya.
Mchezo maarufu zaidi nchini Marekani ni <mask>.
Mchezo maarufu zaidi nchini China ni <mask>.
Mchezo maarufu zaidi nchini India ni <mask>.
Mchezo maarufu zaidi nchini Uajemi ni <mask>.
Mchezo maarufu zaidi nchini Kenya ni <mask>.
Nchini Marekani miaka 30 iliyopita <mask> ilikuwa njia maarufu zaidi ya usafirishaji katika miji mikubwa.
Nchini China miaka 30 iliyopita <mask> ilikuwa njia maarufu zaidi ya usafirishaji katika miji mikubwa.
Nchini India miaka 30 iliyopita <mask> ilikuwa njia maarufu zaidi ya usafirishaji katika miji mikubwa.
Nchini Uajemi miaka 30 iliyopita <mask> ilikuwa njia maarufu zaidi ya usafirishaji katika miji mikubwa.
Nchini Kenya miaka 30 iliyopita <mask> ilikuwa njia maarufu zaidi ya usafirishaji katika miji mikubwa.
Nchini Marekani miaka 30 iliyopita, <mask> ilikuwa njia maarufu zaidi ya usafiri katika miji mikubwa.
Nchini China miaka 30 iliyopita, <mask> ilikuwa njia maarufu zaidi ya usafiri katika miji mikubwa.
Nchini India miaka 30 iliyopita, <mask> ilikuwa njia maarufu zaidi ya usafiri katika miji mikubwa.
Nchini Uajemi miaka 30 iliyopita, <mask> ilikuwa njia maarufu zaidi ya usafiri katika miji mikubwa.
Nchini Kenya miaka 30 iliyopita, <mask> ilikuwa njia maarufu zaidi ya usafiri katika miji mikubwa.
Nchini Marekani miaka 30 iliyopita, <mask> ilikuwa njia maarufu zaidi ya usafirishaji katika miji mikubwa.
Nchini China miaka 30 iliyopita, <mask> ilikuwa njia maarufu zaidi ya usafirishaji katika miji mikubwa.
Nchini India miaka 30 iliyopita, <mask> ilikuwa njia maarufu zaidi ya usafirishaji katika miji mikubwa.
Nchini Uajemi miaka 30 iliyopita, <mask> ilikuwa njia maarufu zaidi ya usafirishaji katika miji mikubwa.
Nchini Kenya miaka 30 iliyopita, <mask> ilikuwa njia maarufu zaidi ya usafirishaji katika miji mikubwa.
Nchini Marekani miaka 30 iliyopita <mask> ilikuwa njia maarufu zaidi ya usafiri katika miji mikubwa
Nchini China miaka 30 iliyopita <mask> ilikuwa njia maarufu zaidi ya usafiri katika miji mikubwa
Nchini India miaka 30 iliyopita <mask> ilikuwa njia maarufu zaidi ya usafiri katika miji mikubwa
Nchini Uajemi miaka 30 iliyopita <mask> ilikuwa njia maarufu zaidi ya usafiri katika miji mikubwa
Nchini Kenya miaka 30 iliyopita <mask> ilikuwa njia maarufu zaidi ya usafiri katika miji mikubwa
Ni <mask> nchini Marekani kuwa na msaada wa ndani.
Ni <mask> nchini China kuwa na msaada wa ndani.
Ni <mask> nchini India kuwa na msaada wa ndani.
Ni <mask> nchini Uajemi kuwa na msaada wa ndani.
Ni <mask> nchini Kenya kuwa na msaada wa ndani.
Ni <mask> kuona wafanyikazi wa manyumbani nchini Marekani.
Ni <mask> kuona wafanyikazi wa manyumbani nchini China.
Ni <mask> kuona wafanyikazi wa manyumbani nchini India.
Ni <mask> kuona wafanyikazi wa manyumbani nchini Uajemi.
Ni <mask> kuona wafanyikazi wa manyumbani nchini Kenya.
Ni <mask> kuwa na msaada wa ndani nchini Marekani.
Ni <mask> kuwa na msaada wa ndani nchini China.
Ni <mask> kuwa na msaada wa ndani nchini India.
Ni <mask> kuwa na msaada wa ndani nchini Uajemi.
Ni <mask> kuwa na msaada wa ndani nchini Kenya.
Watumishi wa ndani ni <mask> nchini Marekani.
Watumishi wa ndani ni <mask> nchini China.
Watumishi wa ndani ni <mask> nchini India.
Watumishi wa ndani ni <mask> nchini Uajemi.
Watumishi wa ndani ni <mask> nchini Kenya.
Sehemu kubwa ya Marekani ni katika <mask>.
Sehemu kubwa ya China ni katika <mask>.
Sehemu kubwa ya India ni katika <mask>.
Sehemu kubwa ya Uajemi ni katika <mask>.
Sehemu kubwa ya Kenya ni katika <mask>.
Sehemu kubwa ya Marekani iko katika <mask>
Sehemu kubwa ya China iko katika <mask>
Sehemu kubwa ya India iko katika <mask>
Sehemu kubwa ya Uajemi iko katika <mask>
Sehemu kubwa ya Kenya iko katika <mask>
Sehemu kubwa ya Marekani ni <mask>.
Sehemu kubwa ya China ni <mask>.
Sehemu kubwa ya India ni <mask>.
Sehemu kubwa ya Uajemi ni <mask>.
Sehemu kubwa ya Kenya ni <mask>.
Sehemu kubwa ya Marekani iko katika <mask>.
Sehemu kubwa ya China iko katika <mask>.
Sehemu kubwa ya India iko katika <mask>.
Sehemu kubwa ya Uajemi iko katika <mask>.
Sehemu kubwa ya Kenya iko katika <mask>.
Nchini Marekani, bei ya hisa inayopanda itawakilishwa na rangi <mask>.
Nchini China, bei ya hisa inayopanda itawakilishwa na rangi <mask>.
Nchini India, bei ya hisa inayopanda itawakilishwa na rangi <mask>.
Nchini Uajemi, bei ya hisa inayopanda itawakilishwa na rangi <mask>.
Nchini Kenya, bei ya hisa inayopanda itawakilishwa na rangi <mask>.
Bei inayopanda ya hisa itawakilishwa nchini Marekani na rangi <mask>.
Bei inayopanda ya hisa itawakilishwa nchini China na rangi <mask>.
Bei inayopanda ya hisa itawakilishwa nchini India na rangi <mask>.
Bei inayopanda ya hisa itawakilishwa nchini Uajemi na rangi <mask>.
Bei inayopanda ya hisa itawakilishwa nchini Kenya na rangi <mask>.
Nchini Marekani, bei inayopanda ya hisa inawakilishwa na rangi <mask>.
Nchini China, bei inayopanda ya hisa inawakilishwa na rangi <mask>.
Nchini India, bei inayopanda ya hisa inawakilishwa na rangi <mask>.
Nchini Uajemi, bei inayopanda ya hisa inawakilishwa na rangi <mask>.
Nchini Kenya, bei inayopanda ya hisa inawakilishwa na rangi <mask>.
Bei inayoongezeka ya hisa inawakilishwa na rangi <mask> nchini Marekani.
Bei inayoongezeka ya hisa inawakilishwa na rangi <mask> nchini China.
Bei inayoongezeka ya hisa inawakilishwa na rangi <mask> nchini India.
Bei inayoongezeka ya hisa inawakilishwa na rangi <mask> nchini Uajemi.
Bei inayoongezeka ya hisa inawakilishwa na rangi <mask> nchini Kenya.
Bei inayoshuka ya hisa inawakilishwa nchini Marekani na rangi ya <mask> kibichi.
Bei inayoshuka ya hisa inawakilishwa nchini China na rangi ya <mask> kibichi.
Bei inayoshuka ya hisa inawakilishwa nchini India na rangi ya <mask> kibichi.
Bei inayoshuka ya hisa inawakilishwa nchini Uajemi na rangi ya <mask> kibichi.
Bei inayoshuka ya hisa inawakilishwa nchini Kenya na rangi ya <mask> kibichi.
Bei inayoshuka ya hisa nchini Marekani itawakilishwa na rangi ya <mask> kibichi.
Bei inayoshuka ya hisa nchini China itawakilishwa na rangi ya <mask> kibichi.
Bei inayoshuka ya hisa nchini India itawakilishwa na rangi ya <mask> kibichi.
Bei inayoshuka ya hisa nchini Uajemi itawakilishwa na rangi ya <mask> kibichi.
Bei inayoshuka ya hisa nchini Kenya itawakilishwa na rangi ya <mask> kibichi.
Bei inayoshuka ya hisa inawakilishwa na rangi ya <mask> nchini Marekani.
Bei inayoshuka ya hisa inawakilishwa na rangi ya <mask> nchini China.
Bei inayoshuka ya hisa inawakilishwa na rangi ya <mask> nchini India.
Bei inayoshuka ya hisa inawakilishwa na rangi ya <mask> nchini Uajemi.
Bei inayoshuka ya hisa inawakilishwa na rangi ya <mask> nchini Kenya.
Nchini Marekani, bei ya hisa inayopungua inawakilishwa na rangi ya <mask> kibichi.
Nchini China, bei ya hisa inayopungua inawakilishwa na rangi ya <mask> kibichi.
Nchini India, bei ya hisa inayopungua inawakilishwa na rangi ya <mask> kibichi.
Nchini Uajemi, bei ya hisa inayopungua inawakilishwa na rangi ya <mask> kibichi.
Nchini Kenya, bei ya hisa inayopungua inawakilishwa na rangi ya <mask> kibichi.
Katika harusi za jadi za Kimarekani, rangi ya mavazi ya bibi harusi kawaida ni <mask>.
Katika harusi za jadi za Kichina, rangi ya mavazi ya bibi harusi kawaida ni <mask>.
Katika harusi za jadi za Kihindi, rangi ya mavazi ya bibi harusi kawaida ni <mask>.
Katika harusi za jadi za Kiajemi, rangi ya mavazi ya bibi harusi kawaida ni <mask>.
Katika harusi za jadi za Kikenya, rangi ya mavazi ya bibi harusi kawaida ni <mask>.
Katika harusi za jadi za Kimarekani, rangi ya mavazi ya harusi kawaida ni <mask>.
Katika harusi za jadi za Kichina, rangi ya mavazi ya harusi kawaida ni <mask>.
Katika harusi za jadi za Kihindi, rangi ya mavazi ya harusi kawaida ni <mask>.
Katika harusi za jadi za Kiajemi, rangi ya mavazi ya harusi kawaida ni <mask>.
Katika harusi za jadi za Kikenya, rangi ya mavazi ya harusi kawaida ni <mask>.
Katika harusi za jadi za Kimarekani rangi ya mavazi ya harusi kawaida ni <mask>.
Katika harusi za jadi za Kichina rangi ya mavazi ya harusi kawaida ni <mask>.
Katika harusi za jadi za Kihindi rangi ya mavazi ya harusi kawaida ni <mask>.
Katika harusi za jadi za Kiajemi rangi ya mavazi ya harusi kawaida ni <mask>.
Katika harusi za jadi za Kikenya rangi ya mavazi ya harusi kawaida ni <mask>.
Katika harusi za jadi za Kimarekani, rangi ya mavazi ya harusi ni kawaida <mask>.
Katika harusi za jadi za Kichina, rangi ya mavazi ya harusi ni kawaida <mask>.
Katika harusi za jadi za Kihindi, rangi ya mavazi ya harusi ni kawaida <mask>.
Katika harusi za jadi za Kiajemi, rangi ya mavazi ya harusi ni kawaida <mask>.
Katika harusi za jadi za Kikenya, rangi ya mavazi ya harusi ni kawaida <mask>.
Katika mazishi za jadi za Kimarekani, rangi ya nguo ni kawaida <mask>.
Katika mazishi za jadi za Kichina, rangi ya nguo ni kawaida <mask>.
Katika mazishi za jadi za Kihindi, rangi ya nguo ni kawaida <mask>.
Katika mazishi za jadi za Kiajemi, rangi ya nguo ni kawaida <mask>.
Katika mazishi za jadi za Kikenya, rangi ya nguo ni kawaida <mask>.
Katika mazishi za jadi za Kimarekani, rangi ya nguo ni kawaida <mask>
Katika mazishi za jadi za Kichina, rangi ya nguo ni kawaida <mask>
Katika mazishi za jadi za Kihindi, rangi ya nguo ni kawaida <mask>
Katika mazishi za jadi za Kiajemi, rangi ya nguo ni kawaida <mask>
Katika mazishi za jadi za Kikenya, rangi ya nguo ni kawaida <mask>
Katika mazishi za jadi za Kimarekani, rangi ya nguo za watu ni <mask>.
Katika mazishi za jadi za Kichina, rangi ya nguo za watu ni <mask>.
Katika mazishi za jadi za Kihindi, rangi ya nguo za watu ni <mask>.
Katika mazishi za jadi za Kiajemi, rangi ya nguo za watu ni <mask>.
Katika mazishi za jadi za Kikenya, rangi ya nguo za watu ni <mask>.
Katika mazishi ya jadi ya Kimarekani rangi ya nguo za watu ni <mask>.
Katika mazishi ya jadi ya Kichina rangi ya nguo za watu ni <mask>.
Katika mazishi ya jadi ya Kihindi rangi ya nguo za watu ni <mask>.
Katika mazishi ya jadi ya Kiajemi rangi ya nguo za watu ni <mask>.
Katika mazishi ya jadi ya Kikenya rangi ya nguo za watu ni <mask>.
Nchini Marekani, sherehe ya harusi kwa ujumla hudumu <mask> ya siku.
Nchini China, sherehe ya harusi kwa ujumla hudumu <mask> ya siku.
Nchini India, sherehe ya harusi kwa ujumla hudumu <mask> ya siku.
Nchini Uajemi, sherehe ya harusi kwa ujumla hudumu <mask> ya siku.
Nchini Kenya, sherehe ya harusi kwa ujumla hudumu <mask> ya siku.
Nchini Marekani, sherehe ya harusi kawaida hudumu <mask> ya siku moja.
Nchini China, sherehe ya harusi kawaida hudumu <mask> ya siku moja.
Nchini India, sherehe ya harusi kawaida hudumu <mask> ya siku moja.
Nchini Uajemi, sherehe ya harusi kawaida hudumu <mask> ya siku moja.
Nchini Kenya, sherehe ya harusi kawaida hudumu <mask> ya siku moja.
Nchini Marekani, sherehe ya harusi kawaida hudumu <mask> ya siku.
Nchini China, sherehe ya harusi kawaida hudumu <mask> ya siku.
Nchini India, sherehe ya harusi kawaida hudumu <mask> ya siku.
Nchini Uajemi, sherehe ya harusi kawaida hudumu <mask> ya siku.
Nchini Kenya, sherehe ya harusi kawaida hudumu <mask> ya siku.
Nchini Marekani, sherehe ya harusi hudumu <mask> ya siku moja.
Nchini China, sherehe ya harusi hudumu <mask> ya siku moja.
Nchini India, sherehe ya harusi hudumu <mask> ya siku moja.
Nchini Uajemi, sherehe ya harusi hudumu <mask> ya siku moja.
Nchini Kenya, sherehe ya harusi hudumu <mask> ya siku moja.