معمولا در زمان رانندگی در آمریکا, افراد در سمت <mask> رانندگی می کنند. 
معمولا در زمان رانندگی در چین, افراد در سمت <mask> رانندگی می کنند. 
معمولا در زمان رانندگی در هند, افراد در سمت <mask> رانندگی می کنند. 
معمولا در زمان رانندگی در ایران, افراد در سمت <mask> رانندگی می کنند. 
معمولا در زمان رانندگی در کنیا, افراد در سمت <mask> رانندگی می کنند. 
در آمریکا, افراد معمولا در سمت <mask> رانندگی می کنند در زمان رانندگی.
در چین, افراد معمولا در سمت <mask> رانندگی می کنند در زمان رانندگی.
در هند, افراد معمولا در سمت <mask> رانندگی می کنند در زمان رانندگی.
در ایران, افراد معمولا در سمت <mask> رانندگی می کنند در زمان رانندگی.
در کنیا, افراد معمولا در سمت <mask> رانندگی می کنند در زمان رانندگی.
در آمریکا, افراد معمولا در سمت <mask> رانندگی می کنند در هنگام رانندگی.
در چین, افراد معمولا در سمت <mask> رانندگی می کنند در هنگام رانندگی.
در هند, افراد معمولا در سمت <mask> رانندگی می کنند در هنگام رانندگی.
در ایران, افراد معمولا در سمت <mask> رانندگی می کنند در هنگام رانندگی.
در کنیا, افراد معمولا در سمت <mask> رانندگی می کنند در هنگام رانندگی.
در آمریکا, افراد به صورت کلی در سمت <mask> رانندگی می کنند در زمان رانندگی.
در چین, افراد به صورت کلی در سمت <mask> رانندگی می کنند در زمان رانندگی.
در هند, افراد به صورت کلی در سمت <mask> رانندگی می کنند در زمان رانندگی.
در ایران, افراد به صورت کلی در سمت <mask> رانندگی می کنند در زمان رانندگی.
در کنیا, افراد به صورت کلی در سمت <mask> رانندگی می کنند در زمان رانندگی.
صندلی ماشین راننده رد سمت <mask> ماشین قرار دارد در آمریکا.
صندلی ماشین راننده رد سمت <mask> ماشین قرار دارد در چین.
صندلی ماشین راننده رد سمت <mask> ماشین قرار دارد در هند.
صندلی ماشین راننده رد سمت <mask> ماشین قرار دارد در ایران.
صندلی ماشین راننده رد سمت <mask> ماشین قرار دارد در کنیا.
در آمریکا, صندلی راننده ماشن قرار دارد در سمت <mask>.
در چین, صندلی راننده ماشن قرار دارد در سمت <mask>.
در هند, صندلی راننده ماشن قرار دارد در سمت <mask>.
در ایران, صندلی راننده ماشن قرار دارد در سمت <mask>.
در کنیا, صندلی راننده ماشن قرار دارد در سمت <mask>.
صندلی راننده ماشین در سمت <mask> هست در آمریکا.
صندلی راننده ماشین در سمت <mask> هست در چین.
صندلی راننده ماشین در سمت <mask> هست در هند.
صندلی راننده ماشین در سمت <mask> هست در ایران.
صندلی راننده ماشین در سمت <mask> هست در کنیا.
صندلی ماشین راننده قرار دارد در سمت <mask> در آمریکا.
صندلی ماشین راننده قرار دارد در سمت <mask> در چین.
صندلی ماشین راننده قرار دارد در سمت <mask> در هند.
صندلی ماشین راننده قرار دارد در سمت <mask> در ایران.
صندلی ماشین راننده قرار دارد در سمت <mask> در کنیا.
واحد اندازه گیری برای ارتفاع هست <mask> در آمریکا.
واحد اندازه گیری برای ارتفاع هست <mask> در چین.
واحد اندازه گیری برای ارتفاع هست <mask> در هند.
واحد اندازه گیری برای ارتفاع هست <mask> در ایران.
واحد اندازه گیری برای ارتفاع هست <mask> در کنیا.
واحد ارتفاع هست <mask> در آمریکا.
واحد ارتفاع هست <mask> در چین.
واحد ارتفاع هست <mask> در هند.
واحد ارتفاع هست <mask> در ایران.
واحد ارتفاع هست <mask> در کنیا.
واحد اندازه گیری برای ارتفاع در آمریکا هست <mask>.
واحد اندازه گیری برای ارتفاع در چین هست <mask>.
واحد اندازه گیری برای ارتفاع در هند هست <mask>.
واحد اندازه گیری برای ارتفاع در ایران هست <mask>.
واحد اندازه گیری برای ارتفاع در کنیا هست <mask>.
در آمریکا, واحد اندازه گیری ارتفاع <mask> است.
در چین, واحد اندازه گیری ارتفاع <mask> است.
در هند, واحد اندازه گیری ارتفاع <mask> است.
در ایران, واحد اندازه گیری ارتفاع <mask> است.
در کنیا, واحد اندازه گیری ارتفاع <mask> است.
واحد اندازه گیری وزن در آمریکا هست <mask>.
واحد اندازه گیری وزن در چین هست <mask>.
واحد اندازه گیری وزن در هند هست <mask>.
واحد اندازه گیری وزن در ایران هست <mask>.
واحد اندازه گیری وزن در کنیا هست <mask>.
واحد اندازه گیری برای وزن در آمریکا هست <mask>.
واحد اندازه گیری برای وزن در چین هست <mask>.
واحد اندازه گیری برای وزن در هند هست <mask>.
واحد اندازه گیری برای وزن در ایران هست <mask>.
واحد اندازه گیری برای وزن در کنیا هست <mask>.
واحد وزن در آمریکا هست <mask>.
واحد وزن در چین هست <mask>.
واحد وزن در هند هست <mask>.
واحد وزن در ایران هست <mask>.
واحد وزن در کنیا هست <mask>.
در آمریکا, واحد وزن هست <mask>.
در چین, واحد وزن هست <mask>.
در هند, واحد وزن هست <mask>.
در ایران, واحد وزن هست <mask>.
در کنیا, واحد وزن هست <mask>.
واحد اندازه گیری دما در آمریکا هست <mask>.
واحد اندازه گیری دما در چین هست <mask>.
واحد اندازه گیری دما در هند هست <mask>.
واحد اندازه گیری دما در ایران هست <mask>.
واحد اندازه گیری دما در کنیا هست <mask>.
واحد برای اندازه گیری کردن دما در آمریکا هست <mask>.
واحد برای اندازه گیری کردن دما در چین هست <mask>.
واحد برای اندازه گیری کردن دما در هند هست <mask>.
واحد برای اندازه گیری کردن دما در ایران هست <mask>.
واحد برای اندازه گیری کردن دما در کنیا هست <mask>.
واحد اندازه گیری کردن برای دما در آمریکا هست <mask>.
واحد اندازه گیری کردن برای دما در چین هست <mask>.
واحد اندازه گیری کردن برای دما در هند هست <mask>.
واحد اندازه گیری کردن برای دما در ایران هست <mask>.
واحد اندازه گیری کردن برای دما در کنیا هست <mask>.
واحد اندازه گیری کردن برای دما هست <mask> در آمریکا.
واحد اندازه گیری کردن برای دما هست <mask> در چین.
واحد اندازه گیری کردن برای دما هست <mask> در هند.
واحد اندازه گیری کردن برای دما هست <mask> در ایران.
واحد اندازه گیری کردن برای دما هست <mask> در کنیا.
 در آمریکا, واحد اندازه گیری کردن برای دما هست <mask>.
 در چین, واحد اندازه گیری کردن برای دما هست <mask>.
 در هند, واحد اندازه گیری کردن برای دما هست <mask>.
 در ایران, واحد اندازه گیری کردن برای دما هست <mask>.
 در کنیا, واحد اندازه گیری کردن برای دما هست <mask>.
در آمریکا سال <mask> از ماه میاد در فرمت تاریخ.
در چین سال <mask> از ماه میاد در فرمت تاریخ.
در هند سال <mask> از ماه میاد در فرمت تاریخ.
در ایران سال <mask> از ماه میاد در فرمت تاریخ.
در کنیا سال <mask> از ماه میاد در فرمت تاریخ.
در آمریکا, سال <mask> از ماه میاد در فرمت تاریخ.
در چین, سال <mask> از ماه میاد در فرمت تاریخ.
در هند, سال <mask> از ماه میاد در فرمت تاریخ.
در ایران, سال <mask> از ماه میاد در فرمت تاریخ.
در کنیا, سال <mask> از ماه میاد در فرمت تاریخ.
در آمریکا ماه <mask> از سال میاد در فرمت تاریخ.
در چین ماه <mask> از سال میاد در فرمت تاریخ.
در هند ماه <mask> از سال میاد در فرمت تاریخ.
در ایران ماه <mask> از سال میاد در فرمت تاریخ.
در کنیا ماه <mask> از سال میاد در فرمت تاریخ.
 در فرمت تاریخ در آمریکا سال <mask> از ماه میاد.
 در فرمت تاریخ در چین سال <mask> از ماه میاد.
 در فرمت تاریخ در هند سال <mask> از ماه میاد.
 در فرمت تاریخ در ایران سال <mask> از ماه میاد.
 در فرمت تاریخ در کنیا سال <mask> از ماه میاد.
در آمریکا, ماه <mask> از سال میاد در فرمت تاریخ.
در چین, ماه <mask> از سال میاد در فرمت تاریخ.
در هند, ماه <mask> از سال میاد در فرمت تاریخ.
در ایران, ماه <mask> از سال میاد در فرمت تاریخ.
در کنیا, ماه <mask> از سال میاد در فرمت تاریخ.
در آمریکا فرمت تاریخ سال <mask> از ماه میاد.
در چین فرمت تاریخ سال <mask> از ماه میاد.
در هند فرمت تاریخ سال <mask> از ماه میاد.
در ایران فرمت تاریخ سال <mask> از ماه میاد.
در کنیا فرمت تاریخ سال <mask> از ماه میاد.
در آمریکا, فرمت تاریخ سال <mask> از ماه میاد.
در چین, فرمت تاریخ سال <mask> از ماه میاد.
در هند, فرمت تاریخ سال <mask> از ماه میاد.
در ایران, فرمت تاریخ سال <mask> از ماه میاد.
در کنیا, فرمت تاریخ سال <mask> از ماه میاد.
در آمریکا این هست <mask> که مشتری ها انعام بدهند بعد از غذا.
در چین این هست <mask> که مشتری ها انعام بدهند بعد از غذا.
در هند این هست <mask> که مشتری ها انعام بدهند بعد از غذا.
در ایران این هست <mask> که مشتری ها انعام بدهند بعد از غذا.
در کنیا این هست <mask> که مشتری ها انعام بدهند بعد از غذا.
در آمریکا این هست <mask> که مشتری ها بعد زا غذا انعام بدهند.
در چین این هست <mask> که مشتری ها بعد زا غذا انعام بدهند.
در هند این هست <mask> که مشتری ها بعد زا غذا انعام بدهند.
در ایران این هست <mask> که مشتری ها بعد زا غذا انعام بدهند.
در کنیا این هست <mask> که مشتری ها بعد زا غذا انعام بدهند.
در آمریکا این هست <mask> که برای مشتری ها که انعام پرداخت کنند بعد از خوردن غذا.
در چین این هست <mask> که برای مشتری ها که انعام پرداخت کنند بعد از خوردن غذا.
در هند این هست <mask> که برای مشتری ها که انعام پرداخت کنند بعد از خوردن غذا.
در ایران این هست <mask> که برای مشتری ها که انعام پرداخت کنند بعد از خوردن غذا.
در کنیا این هست <mask> که برای مشتری ها که انعام پرداخت کنند بعد از خوردن غذا.
در آمریکا این هست <mask> که برای مشتری ها که انعام پرداخت کنند بعد از خوردن غذا.
در چین این هست <mask> که برای مشتری ها که انعام پرداخت کنند بعد از خوردن غذا.
در هند این هست <mask> که برای مشتری ها که انعام پرداخت کنند بعد از خوردن غذا.
در ایران این هست <mask> که برای مشتری ها که انعام پرداخت کنند بعد از خوردن غذا.
در کنیا این هست <mask> که برای مشتری ها که انعام پرداخت کنند بعد از خوردن غذا.
آمریکای ها معمولا <mask> دوش می گیرند.
چینی ها معمولا <mask> دوش می گیرند.
هندی ها معمولا <mask> دوش می گیرند.
ایرانی ها معمولا <mask> دوش می گیرند.
کنیای ها معمولا <mask> دوش می گیرند.
افراد آمریکای به صورت نرمال دوش می گیرند در <mask>.
افراد چینی به صورت نرمال دوش می گیرند در <mask>.
افراد هندی به صورت نرمال دوش می گیرند در <mask>.
افراد ایرانی به صورت نرمال دوش می گیرند در <mask>.
افراد کنیای به صورت نرمال دوش می گیرند در <mask>.
افراد آمریکای معمولا دوش می گیرند در <mask>.
افراد چینی معمولا دوش می گیرند در <mask>.
افراد هندی معمولا دوش می گیرند در <mask>.
افراد ایرانی معمولا دوش می گیرند در <mask>.
افراد کنیای معمولا دوش می گیرند در <mask>.
آمریکای ها معمولا دوش می گیرند در <mask>. 
چینی ها معمولا دوش می گیرند در <mask>. 
هندی ها معمولا دوش می گیرند در <mask>. 
ایرانی ها معمولا دوش می گیرند در <mask>. 
کنیای ها معمولا دوش می گیرند در <mask>. 
آمریکای ها به صورت کلی <mask> دوش می گیرند.
چینی ها به صورت کلی <mask> دوش می گیرند.
هندی ها به صورت کلی <mask> دوش می گیرند.
ایرانی ها به صورت کلی <mask> دوش می گیرند.
کنیای ها به صورت کلی <mask> دوش می گیرند.
آمریکای ها لباس های خیس را با <mask> خشک می کنند
چینی ها لباس های خیس را با <mask> خشک می کنند
هندی ها لباس های خیس را با <mask> خشک می کنند
ایرانی ها لباس های خیس را با <mask> خشک می کنند
کنیای ها لباس های خیس را با <mask> خشک می کنند
افراد آمریکای لباس های خیس را با <mask> خشک می کنند.
افراد چینی لباس های خیس را با <mask> خشک می کنند.
افراد هندی لباس های خیس را با <mask> خشک می کنند.
افراد ایرانی لباس های خیس را با <mask> خشک می کنند.
افراد کنیای لباس های خیس را با <mask> خشک می کنند.
در آمریکا, افراد لباس های خیس خودشان را با <mask> خشک می کنند.
در چین, افراد لباس های خیس خودشان را با <mask> خشک می کنند.
در هند, افراد لباس های خیس خودشان را با <mask> خشک می کنند.
در ایران, افراد لباس های خیس خودشان را با <mask> خشک می کنند.
در کنیا, افراد لباس های خیس خودشان را با <mask> خشک می کنند.
در آمریکا, این <mask> هست برای افراد که سطح زمین را با طی تمیز کنند. 
در چین, این <mask> هست برای افراد که سطح زمین را با طی تمیز کنند. 
در هند, این <mask> هست برای افراد که سطح زمین را با طی تمیز کنند. 
در ایران, این <mask> هست برای افراد که سطح زمین را با طی تمیز کنند. 
در کنیا, این <mask> هست برای افراد که سطح زمین را با طی تمیز کنند. 
در آمریکا, این برای افراد <mask> هست که سطح زمین را با طی تمیز کنند. 
در چین, این برای افراد <mask> هست که سطح زمین را با طی تمیز کنند. 
در هند, این برای افراد <mask> هست که سطح زمین را با طی تمیز کنند. 
در ایران, این برای افراد <mask> هست که سطح زمین را با طی تمیز کنند. 
در کنیا, این برای افراد <mask> هست که سطح زمین را با طی تمیز کنند. 
در آمریکا, این <mask> هست برای افراد که از طی استفاده کنند برای تمیز کردن سطح زمین.
در چین, این <mask> هست برای افراد که از طی استفاده کنند برای تمیز کردن سطح زمین.
در هند, این <mask> هست برای افراد که از طی استفاده کنند برای تمیز کردن سطح زمین.
در ایران, این <mask> هست برای افراد که از طی استفاده کنند برای تمیز کردن سطح زمین.
در کنیا, این <mask> هست برای افراد که از طی استفاده کنند برای تمیز کردن سطح زمین.
<mask> هست در آمریکا برای افراد که سطح زمین را با طی تمیز کنند
<mask> هست در چین برای افراد که سطح زمین را با طی تمیز کنند
<mask> هست در هند برای افراد که سطح زمین را با طی تمیز کنند
<mask> هست در ایران برای افراد که سطح زمین را با طی تمیز کنند
<mask> هست در کنیا برای افراد که سطح زمین را با طی تمیز کنند
<mask> هست در آمریکا برای افراد که تمیز کنند سطح زمین را با طی.
<mask> هست در چین برای افراد که تمیز کنند سطح زمین را با طی.
<mask> هست در هند برای افراد که تمیز کنند سطح زمین را با طی.
<mask> هست در ایران برای افراد که تمیز کنند سطح زمین را با طی.
<mask> هست در کنیا برای افراد که تمیز کنند سطح زمین را با طی.
<mask> در آمریکا غذای اصلی است.
<mask> در چین غذای اصلی است.
<mask> در هند غذای اصلی است.
<mask> در ایران غذای اصلی است.
<mask> در کنیا غذای اصلی است.
غذای اصلی در آمریکا <mask> هست.
غذای اصلی در چین <mask> هست.
غذای اصلی در هند <mask> هست.
غذای اصلی در ایران <mask> هست.
غذای اصلی در کنیا <mask> هست.
 در آمریکا, غذای اصلی <mask> هست.
 در چین, غذای اصلی <mask> هست.
 در هند, غذای اصلی <mask> هست.
 در ایران, غذای اصلی <mask> هست.
 در کنیا, غذای اصلی <mask> هست.
آمریکای ها به صورت نرمال غذا را با <mask> می خورند.
چینی ها به صورت نرمال غذا را با <mask> می خورند.
هندی ها به صورت نرمال غذا را با <mask> می خورند.
ایرانی ها به صورت نرمال غذا را با <mask> می خورند.
کنیای ها به صورت نرمال غذا را با <mask> می خورند.
آمریکای ها معمولا غذا را با <mask> می خورند.
چینی ها معمولا غذا را با <mask> می خورند.
هندی ها معمولا غذا را با <mask> می خورند.
ایرانی ها معمولا غذا را با <mask> می خورند.
کنیای ها معمولا غذا را با <mask> می خورند.
آمریکای ها به صورت کلی غذا را با <mask> می خورند.
چینی ها به صورت کلی غذا را با <mask> می خورند.
هندی ها به صورت کلی غذا را با <mask> می خورند.
ایرانی ها به صورت کلی غذا را با <mask> می خورند.
کنیای ها به صورت کلی غذا را با <mask> می خورند.
در آمریکا, افراد به صورت کلی غذا را با <mask> می خورند.
در چین, افراد به صورت کلی غذا را با <mask> می خورند.
در هند, افراد به صورت کلی غذا را با <mask> می خورند.
در ایران, افراد به صورت کلی غذا را با <mask> می خورند.
در کنیا, افراد به صورت کلی غذا را با <mask> می خورند.
در آمریکا, <mask> هست برای افراد که غذا را با هم به اشتراک بگذارند وقتی که بیرون غذا می خورند.
در چین, <mask> هست برای افراد که غذا را با هم به اشتراک بگذارند وقتی که بیرون غذا می خورند.
در هند, <mask> هست برای افراد که غذا را با هم به اشتراک بگذارند وقتی که بیرون غذا می خورند.
در ایران, <mask> هست برای افراد که غذا را با هم به اشتراک بگذارند وقتی که بیرون غذا می خورند.
در کنیا, <mask> هست برای افراد که غذا را با هم به اشتراک بگذارند وقتی که بیرون غذا می خورند.
در آمریکا, <mask> هست برای افراد که غذایشان را با هم به اشتراک بگذارند وقتی که می خواهند غذا بخورند.
در چین, <mask> هست برای افراد که غذایشان را با هم به اشتراک بگذارند وقتی که می خواهند غذا بخورند.
در هند, <mask> هست برای افراد که غذایشان را با هم به اشتراک بگذارند وقتی که می خواهند غذا بخورند.
در ایران, <mask> هست برای افراد که غذایشان را با هم به اشتراک بگذارند وقتی که می خواهند غذا بخورند.
در کنیا, <mask> هست برای افراد که غذایشان را با هم به اشتراک بگذارند وقتی که می خواهند غذا بخورند.
در آمریکا, <mask> هست برای افراد که غذا را با هم به اشتراک بگذارند وقتی که می خواهند غذا بخورند.
در چین, <mask> هست برای افراد که غذا را با هم به اشتراک بگذارند وقتی که می خواهند غذا بخورند.
در هند, <mask> هست برای افراد که غذا را با هم به اشتراک بگذارند وقتی که می خواهند غذا بخورند.
در ایران, <mask> هست برای افراد که غذا را با هم به اشتراک بگذارند وقتی که می خواهند غذا بخورند.
در کنیا, <mask> هست برای افراد که غذا را با هم به اشتراک بگذارند وقتی که می خواهند غذا بخورند.
در آمریکا, <mask> هست برای افراد که غذا را با هم به اشتراک بگذارند وقتی که می خواهند غذا بخورند.
در چین, <mask> هست برای افراد که غذا را با هم به اشتراک بگذارند وقتی که می خواهند غذا بخورند.
در هند, <mask> هست برای افراد که غذا را با هم به اشتراک بگذارند وقتی که می خواهند غذا بخورند.
در ایران, <mask> هست برای افراد که غذا را با هم به اشتراک بگذارند وقتی که می خواهند غذا بخورند.
در کنیا, <mask> هست برای افراد که غذا را با هم به اشتراک بگذارند وقتی که می خواهند غذا بخورند.
در آمریکا, <mask> هست دیدن این که افراد آب داغ بنوشند.
در چین, <mask> هست دیدن این که افراد آب داغ بنوشند.
در هند, <mask> هست دیدن این که افراد آب داغ بنوشند.
در ایران, <mask> هست دیدن این که افراد آب داغ بنوشند.
در کنیا, <mask> هست دیدن این که افراد آب داغ بنوشند.
در آمریکا, <mask> هست برای افراد که آب داغ بنوشند.
در چین, <mask> هست برای افراد که آب داغ بنوشند.
در هند, <mask> هست برای افراد که آب داغ بنوشند.
در ایران, <mask> هست برای افراد که آب داغ بنوشند.
در کنیا, <mask> هست برای افراد که آب داغ بنوشند.
در آمریکا, <mask> هست برای افراد که آب داغ بنوشند.
در چین, <mask> هست برای افراد که آب داغ بنوشند.
در هند, <mask> هست برای افراد که آب داغ بنوشند.
در ایران, <mask> هست برای افراد که آب داغ بنوشند.
در کنیا, <mask> هست برای افراد که آب داغ بنوشند.
در آمریکا, <mask> هست که آب داغ بنوشند.
در چین, <mask> هست که آب داغ بنوشند.
در هند, <mask> هست که آب داغ بنوشند.
در ایران, <mask> هست که آب داغ بنوشند.
در کنیا, <mask> هست که آب داغ بنوشند.
این <mask> هست در آمریکا برای بزرگسالان که با والدینشان زندگی کنند.
این <mask> هست در چین برای بزرگسالان که با والدینشان زندگی کنند.
این <mask> هست در هند برای بزرگسالان که با والدینشان زندگی کنند.
این <mask> هست در ایران برای بزرگسالان که با والدینشان زندگی کنند.
این <mask> هست در کنیا برای بزرگسالان که با والدینشان زندگی کنند.
در آمریکا, <mask> هست برای بزرگسالان که با والدینشان با هم زندگی کنند.
در چین, <mask> هست برای بزرگسالان که با والدینشان با هم زندگی کنند.
در هند, <mask> هست برای بزرگسالان که با والدینشان با هم زندگی کنند.
در ایران, <mask> هست برای بزرگسالان که با والدینشان با هم زندگی کنند.
در کنیا, <mask> هست برای بزرگسالان که با والدینشان با هم زندگی کنند.
در آمریکا <mask> هست برای بزرگسالان که با والدینشان زندگی کنند.
در چین <mask> هست برای بزرگسالان که با والدینشان زندگی کنند.
در هند <mask> هست برای بزرگسالان که با والدینشان زندگی کنند.
در ایران <mask> هست برای بزرگسالان که با والدینشان زندگی کنند.
در کنیا <mask> هست برای بزرگسالان که با والدینشان زندگی کنند.
در آمریکا, <mask> هست برای بزرگسالان که با والدینشان باقی بمانند.
در چین, <mask> هست برای بزرگسالان که با والدینشان باقی بمانند.
در هند, <mask> هست برای بزرگسالان که با والدینشان باقی بمانند.
در ایران, <mask> هست برای بزرگسالان که با والدینشان باقی بمانند.
در کنیا, <mask> هست برای بزرگسالان که با والدینشان باقی بمانند.
محبوب ترین ورزش در آمریکا <mask> است.
محبوب ترین ورزش در چین <mask> است.
محبوب ترین ورزش در هند <mask> است.
محبوب ترین ورزش در ایران <mask> است.
محبوب ترین ورزش در کنیا <mask> است.
محبوب ترین ورزش آمریکا <mask> است.
محبوب ترین ورزش چین <mask> است.
محبوب ترین ورزش هند <mask> است.
محبوب ترین ورزش ایران <mask> است.
محبوب ترین ورزش کنیا <mask> است.
<mask> محبوب ترین ورزش در آمریکا است.
<mask> محبوب ترین ورزش در چین است.
<mask> محبوب ترین ورزش در هند است.
<mask> محبوب ترین ورزش در ایران است.
<mask> محبوب ترین ورزش در کنیا است.
محبوب ترین ورزش در آمریکا <mask> است.
محبوب ترین ورزش در چین <mask> است.
محبوب ترین ورزش در هند <mask> است.
محبوب ترین ورزش در ایران <mask> است.
محبوب ترین ورزش در کنیا <mask> است.
در آمریکا سی سال قبل, <mask> محبوب ترین وسیله ی حمل و نقل در شهر های اصلی بود.
در چین سی سال قبل, <mask> محبوب ترین وسیله ی حمل و نقل در شهر های اصلی بود.
در هند سی سال قبل, <mask> محبوب ترین وسیله ی حمل و نقل در شهر های اصلی بود.
در ایران سی سال قبل, <mask> محبوب ترین وسیله ی حمل و نقل در شهر های اصلی بود.
در کنیا سی سال قبل, <mask> محبوب ترین وسیله ی حمل و نقل در شهر های اصلی بود.
در آمریکا سی سال قبل, <mask> محبوب ترین وسیله ی حمل و نقل در شهر های بزرگ بود.
در چین سی سال قبل, <mask> محبوب ترین وسیله ی حمل و نقل در شهر های بزرگ بود.
در هند سی سال قبل, <mask> محبوب ترین وسیله ی حمل و نقل در شهر های بزرگ بود.
در ایران سی سال قبل, <mask> محبوب ترین وسیله ی حمل و نقل در شهر های بزرگ بود.
در کنیا سی سال قبل, <mask> محبوب ترین وسیله ی حمل و نقل در شهر های بزرگ بود.
در آمریکا سی سال قبل, <mask> محبوب ترین وسیله ی حمل و نقل در شهر های بزرگ بود.
در چین سی سال قبل, <mask> محبوب ترین وسیله ی حمل و نقل در شهر های بزرگ بود.
در هند سی سال قبل, <mask> محبوب ترین وسیله ی حمل و نقل در شهر های بزرگ بود.
در ایران سی سال قبل, <mask> محبوب ترین وسیله ی حمل و نقل در شهر های بزرگ بود.
در کنیا سی سال قبل, <mask> محبوب ترین وسیله ی حمل و نقل در شهر های بزرگ بود.
در آمریکا سی سال قبل, <mask> محبوب ترین وسیله ی حمل و نقل در شهر های بزرگ بود.
در چین سی سال قبل, <mask> محبوب ترین وسیله ی حمل و نقل در شهر های بزرگ بود.
در هند سی سال قبل, <mask> محبوب ترین وسیله ی حمل و نقل در شهر های بزرگ بود.
در ایران سی سال قبل, <mask> محبوب ترین وسیله ی حمل و نقل در شهر های بزرگ بود.
در کنیا سی سال قبل, <mask> محبوب ترین وسیله ی حمل و نقل در شهر های بزرگ بود.
در آمریکا کمک های محلی <mask> است.
در چین کمک های محلی <mask> است.
در هند کمک های محلی <mask> است.
در ایران کمک های محلی <mask> است.
در کنیا کمک های محلی <mask> است.
در آمریکا, خدمه های محلی <mask> است.
در چین, خدمه های محلی <mask> است.
در هند, خدمه های محلی <mask> است.
در ایران, خدمه های محلی <mask> است.
در کنیا, خدمه های محلی <mask> است.
خدمه های محلی در آمریکا <mask> است.
خدمه های محلی در چین <mask> است.
خدمه های محلی در هند <mask> است.
خدمه های محلی در ایران <mask> است.
خدمه های محلی در کنیا <mask> است.
خدمه های محلی <mask> است در آمریکا.
خدمه های محلی <mask> است در چین.
خدمه های محلی <mask> است در هند.
خدمه های محلی <mask> است در ایران.
خدمه های محلی <mask> است در کنیا.
بیشتر آمریکا در منطقه های <mask> قرار دارد.
بیشتر چین در منطقه های <mask> قرار دارد.
بیشتر هند در منطقه های <mask> قرار دارد.
بیشتر ایران در منطقه های <mask> قرار دارد.
بیشتر کنیا در منطقه های <mask> قرار دارد.
بیشتر آمریکا در ناحیه های <mask> قرار دارد.
بیشتر چین در ناحیه های <mask> قرار دارد.
بیشتر هند در ناحیه های <mask> قرار دارد.
بیشتر ایران در ناحیه های <mask> قرار دارد.
بیشتر کنیا در ناحیه های <mask> قرار دارد.
بیشتر آمریکا در قرار می گیرد در منطقه <mask>.
بیشتر چین در قرار می گیرد در منطقه <mask>.
بیشتر هند در قرار می گیرد در منطقه <mask>.
بیشتر ایران در قرار می گیرد در منطقه <mask>.
بیشتر کنیا در قرار می گیرد در منطقه <mask>.
بیشتر آمریکا در منطقه های <mask> است.
بیشتر چین در منطقه های <mask> است.
بیشتر هند در منطقه های <mask> است.
بیشتر ایران در منطقه های <mask> است.
بیشتر کنیا در منطقه های <mask> است.
در آمریکا, افزایش قیمت بورس با رنگ <mask> نشان داده می شود.
در چین, افزایش قیمت بورس با رنگ <mask> نشان داده می شود.
در هند, افزایش قیمت بورس با رنگ <mask> نشان داده می شود.
در ایران, افزایش قیمت بورس با رنگ <mask> نشان داده می شود.
در کنیا, افزایش قیمت بورس با رنگ <mask> نشان داده می شود.
افزایش قیمت بورس در آمریکا با رنگ <mask> نشان داده می شود.
افزایش قیمت بورس در چین با رنگ <mask> نشان داده می شود.
افزایش قیمت بورس در هند با رنگ <mask> نشان داده می شود.
افزایش قیمت بورس در ایران با رنگ <mask> نشان داده می شود.
افزایش قیمت بورس در کنیا با رنگ <mask> نشان داده می شود.
افزایش قیمت بورس نشان داده می شود در آمریکا با رنگ <mask>.
افزایش قیمت بورس نشان داده می شود در چین با رنگ <mask>.
افزایش قیمت بورس نشان داده می شود در هند با رنگ <mask>.
افزایش قیمت بورس نشان داده می شود در ایران با رنگ <mask>.
افزایش قیمت بورس نشان داده می شود در کنیا با رنگ <mask>.
افزایش قیمت بورس نمایش داده شده با رنگ <mask> در آمریکا.
افزایش قیمت بورس نمایش داده شده با رنگ <mask> در چین.
افزایش قیمت بورس نمایش داده شده با رنگ <mask> در هند.
افزایش قیمت بورس نمایش داده شده با رنگ <mask> در ایران.
افزایش قیمت بورس نمایش داده شده با رنگ <mask> در کنیا.
کاهش قیمت بورس نشان داده می شود در آمریکا با رنگ <mask>.
کاهش قیمت بورس نشان داده می شود در چین با رنگ <mask>.
کاهش قیمت بورس نشان داده می شود در هند با رنگ <mask>.
کاهش قیمت بورس نشان داده می شود در ایران با رنگ <mask>.
کاهش قیمت بورس نشان داده می شود در کنیا با رنگ <mask>.
کاهش قیمت بورس در آمریکا با رنگ <mask> نشان داده خواهد شد.
کاهش قیمت بورس در چین با رنگ <mask> نشان داده خواهد شد.
کاهش قیمت بورس در هند با رنگ <mask> نشان داده خواهد شد.
کاهش قیمت بورس در ایران با رنگ <mask> نشان داده خواهد شد.
کاهش قیمت بورس در کنیا با رنگ <mask> نشان داده خواهد شد.
کاهش قیمت بورس نشان داده می شود با رنگ <mask> در آمریکا.
کاهش قیمت بورس نشان داده می شود با رنگ <mask> در چین.
کاهش قیمت بورس نشان داده می شود با رنگ <mask> در هند.
کاهش قیمت بورس نشان داده می شود با رنگ <mask> در ایران.
کاهش قیمت بورس نشان داده می شود با رنگ <mask> در کنیا.
در آمریکا, کاهش قیمت بورس با رنگ <mask> نشان داده می شود.
در چین, کاهش قیمت بورس با رنگ <mask> نشان داده می شود.
در هند, کاهش قیمت بورس با رنگ <mask> نشان داده می شود.
در ایران, کاهش قیمت بورس با رنگ <mask> نشان داده می شود.
در کنیا, کاهش قیمت بورس با رنگ <mask> نشان داده می شود.
در مراسم های عروسی سنتی آمریکای, رنگ لباس عروس معمولا <mask> است.
در مراسم های عروسی سنتی چینی, رنگ لباس عروس معمولا <mask> است.
در مراسم های عروسی سنتی هندی, رنگ لباس عروس معمولا <mask> است.
در مراسم های عروسی سنتی ایرانی, رنگ لباس عروس معمولا <mask> است.
در مراسم های عروسی سنتی کنیای, رنگ لباس عروس معمولا <mask> است.
در مراسم های عروسی سنتی آمریکای, رنگ لباس عروسی معمولا <mask> است.
در مراسم های عروسی سنتی چینی, رنگ لباس عروسی معمولا <mask> است.
در مراسم های عروسی سنتی هندی, رنگ لباس عروسی معمولا <mask> است.
در مراسم های عروسی سنتی ایرانی, رنگ لباس عروسی معمولا <mask> است.
در مراسم های عروسی سنتی کنیای, رنگ لباس عروسی معمولا <mask> است.
در مراسم های عروسی سنتی آمریکای رنگ لباس عروسی معمولا <mask> است.
در مراسم های عروسی سنتی چینی رنگ لباس عروسی معمولا <mask> است.
در مراسم های عروسی سنتی هندی رنگ لباس عروسی معمولا <mask> است.
در مراسم های عروسی سنتی ایرانی رنگ لباس عروسی معمولا <mask> است.
در مراسم های عروسی سنتی کنیای رنگ لباس عروسی معمولا <mask> است.
در مراسم های عروسی سنتی آمریکای, رنگ لباس عروسی معمولا <mask> است.
در مراسم های عروسی سنتی چینی, رنگ لباس عروسی معمولا <mask> است.
در مراسم های عروسی سنتی هندی, رنگ لباس عروسی معمولا <mask> است.
در مراسم های عروسی سنتی ایرانی, رنگ لباس عروسی معمولا <mask> است.
در مراسم های عروسی سنتی کنیای, رنگ لباس عروسی معمولا <mask> است.
در مراسم های عزاداری سنتی آمریکای, رنگ لباس پوشیدن معمولا <mask> است.
در مراسم های عزاداری سنتی چینی, رنگ لباس پوشیدن معمولا <mask> است.
در مراسم های عزاداری سنتی هندی, رنگ لباس پوشیدن معمولا <mask> است.
در مراسم های عزاداری سنتی ایرانی, رنگ لباس پوشیدن معمولا <mask> است.
در مراسم های عزاداری سنتی کنیای, رنگ لباس پوشیدن معمولا <mask> است.
در مراسم های عزاداری سنتی آمریکای, رنگ لباس پوشیدن هست معمولا <mask>.
در مراسم های عزاداری سنتی چینی, رنگ لباس پوشیدن هست معمولا <mask>.
در مراسم های عزاداری سنتی هندی, رنگ لباس پوشیدن هست معمولا <mask>.
در مراسم های عزاداری سنتی ایرانی, رنگ لباس پوشیدن هست معمولا <mask>.
در مراسم های عزاداری سنتی کنیای, رنگ لباس پوشیدن هست معمولا <mask>.
در مراسم های عزاداری سنتی آمریکای, رنگ لباس پوشیدن افراد معمولا <mask> است.
در مراسم های عزاداری سنتی چینی, رنگ لباس پوشیدن افراد معمولا <mask> است.
در مراسم های عزاداری سنتی هندی, رنگ لباس پوشیدن افراد معمولا <mask> است.
در مراسم های عزاداری سنتی ایرانی, رنگ لباس پوشیدن افراد معمولا <mask> است.
در مراسم های عزاداری سنتی کنیای, رنگ لباس پوشیدن افراد معمولا <mask> است.
در مراسم های عزاداری سنتی آمریکای, رنگ لباس پوشیدن معمولا <mask> است.
در مراسم های عزاداری سنتی چینی, رنگ لباس پوشیدن معمولا <mask> است.
در مراسم های عزاداری سنتی هندی, رنگ لباس پوشیدن معمولا <mask> است.
در مراسم های عزاداری سنتی ایرانی, رنگ لباس پوشیدن معمولا <mask> است.
در مراسم های عزاداری سنتی کنیای, رنگ لباس پوشیدن معمولا <mask> است.
در آمریکا, مراسم عروسی به صورت کلی <mask> از یک روز طول می کشد.
در چین, مراسم عروسی به صورت کلی <mask> از یک روز طول می کشد.
در هند, مراسم عروسی به صورت کلی <mask> از یک روز طول می کشد.
در ایران, مراسم عروسی به صورت کلی <mask> از یک روز طول می کشد.
در کنیا, مراسم عروسی به صورت کلی <mask> از یک روز طول می کشد.
در آمریکا, مراسم عروسی به صورت نرمال <mask> از یک روز طول می کشد.
در چین, مراسم عروسی به صورت نرمال <mask> از یک روز طول می کشد.
در هند, مراسم عروسی به صورت نرمال <mask> از یک روز طول می کشد.
در ایران, مراسم عروسی به صورت نرمال <mask> از یک روز طول می کشد.
در کنیا, مراسم عروسی به صورت نرمال <mask> از یک روز طول می کشد.
در آمریکا, مراسم عروسی معمولا <mask> از یک روز طول می کشد.
در چین, مراسم عروسی معمولا <mask> از یک روز طول می کشد.
در هند, مراسم عروسی معمولا <mask> از یک روز طول می کشد.
در ایران, مراسم عروسی معمولا <mask> از یک روز طول می کشد.
در کنیا, مراسم عروسی معمولا <mask> از یک روز طول می کشد.
در آمریکا, مراسم عروسی کلا <mask> از یک روز طول می کشد.
در چین, مراسم عروسی کلا <mask> از یک روز طول می کشد.
در هند, مراسم عروسی کلا <mask> از یک روز طول می کشد.
در ایران, مراسم عروسی کلا <mask> از یک روز طول می کشد.
در کنیا, مراسم عروسی کلا <mask> از یک روز طول می کشد.
